<?xml version="1.0" encoding="UTF-8" ?>
<!DOCTYPE mapper
        PUBLIC "-//mybatis.org//DTD Mapper 3.0//EN"
        "https://mybatis.org/dtd/mybatis-3-mapper.dtd">
<mapper namespace="dev.yhpark.meltube.mappers.UserMapper">
    <insert id="insertUser" parameterType="dev.yhpark.meltube.entities.UserEntity">
        INSERT INTO `meltube`.`users` (`email`, `password`, `nickname`, `contact`, `created_at`, `updated_at`, `deleted_at`, `is_admin`, `is_suspended`, `is_verified`)
        VALUES (#{email}, #{password}, #{nickname}, #{contact}, #{createdAt}, #{updatedAt}, #{deletedAt}, #{isAdmin}, #{isSuspended}, #{isVerified})
    </insert>

    <select id="selectUserByEmail" resultType="dev.yhpark.meltube.entities.UserEntity">
        SELECT `email`        AS `email`,
               `password`     AS `password`,
               `nickname`     AS `nickname`,
               `contact`      AS `contact`,
               `created_at`   AS `createdAt`,
               `updated_at`   AS `updatedAt`,
               `deleted_at`   AS `deletedAt`,
               `is_admin`     AS `isAdmin`,
               `is_suspended` AS `isSuspended`,
               `is_verified`  AS `isVerified`
        FROM `meltube`.`users`
        WHERE `email` = #{email}
        LIMIT 1
    </select>

    <select id="selectUserByContact" resultType="dev.yhpark.meltube.entities.UserEntity">
        SELECT `email`        AS `email`,
               `password`     AS `password`,
               `nickname`     AS `nickname`,
               `contact`      AS `contact`,
               `created_at`   AS `createdAt`,
               `updated_at`   AS `updatedAt`,
               `deleted_at`   AS `deletedAt`,
               `is_admin`     AS `isAdmin`,
               `is_suspended` AS `isSuspended`,
               `is_verified`  AS `isVerified`
        FROM `meltube`.`users`
        WHERE `contact` = #{contact}
        LIMIT 1
    </select>

    <select id="selectUserByNickname" resultType="dev.yhpark.meltube.entities.UserEntity">
        SELECT `email`        AS `email`,
               `password`     AS `password`,
               `nickname`     AS `nickname`,
               `contact`      AS `contact`,
               `created_at`   AS `createdAt`,
               `updated_at`   AS `updatedAt`,
               `deleted_at`   AS `deletedAt`,
               `is_admin`     AS `isAdmin`,
               `is_suspended` AS `isSuspended`,
               `is_verified`  AS `isVerified`
        FROM `meltube`.`users`
        WHERE `nickname` = #{nickname}
        LIMIT 1
    </select>

    <update id="updateUser"
            parameterType="dev.yhpark.meltube.entities.UserEntity">
        UPDATE `meltube`.`users`
        SET `password`     = #{password},
            `nickname`     = #{nickname},
            `contact`      = #{contact},
            `created_at`   = #{createdAt},
            `updated_at`   = #{updatedAt},
            `deleted_at`   = #{deletedAt},
            `is_admin`     = #{isAdmin},
            `is_suspended` = #{isSuspended},
            `is_verified`  = #{isVerified}
        WHERE `email` = #{email}
        LIMIT 1
    </update>
</mapper>